9582f5,::1,GET,http://localhost:8888/,1485857206,,200
17e46f,::1,GET,http://localhost:8888/,1485857211,,200
e30f66,::1,GET,http://localhost:8888/login?p=login,1485857213,,200
d17cef,::1,GET,http://localhost:8888/,1485857276,,200
ab34d0,::1,GET,http://localhost:8888/,1485857315,,200
2b7f53,::1,GET,http://localhost:8888/login?p=login,1485857318,,200
fbcfb7,::1,POST,http://localhost:8888/login?p=login,1485857321,,302
d6c23e,::1,GET,http://localhost:8888/admin?p=admin,1485857321,,200
e276a8,::1,GET,http://localhost:8888/,1485857384,,200
a348a3,::1,GET,http://localhost:8888/admin/codes?p=admin%2Fcodes,1485857387,,200
1790df,::1,GET,http://localhost:8888/admin?p=admin,1485857390,,200
dd91fb,::1,GET,http://localhost:8888/,1485857392,,200
1d5834,::1,GET,http://localhost:8888/logout?p=logout,1485857394,,200
a97eb5,::1,GET,http://localhost:8888/about?p=about,1485857396,,200
ad4ed6,::1,GET,http://localhost:8888/admin?p=admin,1485857400,,302
56f5bf,::1,GET,http://localhost:8888/login?p=login,1485857401,,200
